beverage,Coca Cola 12Pk,049000028904,12166733,/assets/cocacola-image-placeholder.jpg
snacks,Nacho Cheese Doritos - 9.75oz,028400642033,786004155,/assets/doritoes-image-placeholder.jpg
pantry,Jif Creamy Peanut Butter - 16oz,051500255162,777839120,/assets/jif-image-placeholder.jpg
snacks,Lay's Classic Potato Chips - 8oz,028400199148,777839120,/assets/lays-image-placeholder.jpg
bakery,Wonder Classic White Bread,072250011372,37858875,/assets/wonderbread-image-placeholder.jpg
pantry,Heinz Tomato Ketchup - 20oz,013000006408,15077427,/assets/heinz-image-placeholder.jpg
beverage,Pepsi Cola Made with Real Sugar Soda,492712003071,16654194,/assets/pepsi-image-placeholder.jpg
beverage,Sprite - 12pk,049000028928,10291611,/assets/sprite-image-placeholder.jpg
beverage,Waterloo Sparkling Water Black Cherry,819215020150,722442923,/assets/waterloo-image-placeholder.jpg
bakery,Pepperidge Farm Wheat Bread - 24oz,014100085997,10452850,/assets/pepperidgewheat-image-placeholder.jpg
bakery,Nature's Own 100% Whole Wheat Bread,072250037129,10450002,/assets/naturesown-image-placeholder.jpg
bakery,Pepperidge Farm Raisin Breakfast Bread,014100071112,10452829,/assets/pepperidgeraisin-image-placeholder.jpg
candies,HARIBO Gold-Bears Gummi Candy - 8oz,042238302815,107127182,/assets/HARIBO-image-placeholder.jpg
candies,Jolly Rancher Fruit Hard Candies - 14oz,010700556868,45589842,/assets/HardJolly-image-placeholder.jpg
candies,Snickers Mini Sharing Size - 9.70oz,040000525578,208807269,/assets/snickers-image-placeholder.jpg
candies,Dove Promises Milk Chocolate Candy,040000525387,715971765,/assets/Dove-image-placeholder.jpg
dairy,Lactaid Lactose Free 2% Reduced Fat Milk,041383090103,10801608,/assets/Lactaid-image-placeholder.jpg
dairy,Sargento Mozzarella String Cheese,046100007150,10291588,/assets/Sargento-image-placeholder.jpg
dairy,Stonyfield Organic Plain Greek Yogurt,052159532505,39670537,/assets/Yogurt-image-placeholder.jpg
dairy,Daisy Pure & Natural Sour Cream - 8oz,073420000066,10309448,/assets/daisy-image-placeholder.jpg
dairy,Eggland's Best Grade A Large Eggs,715141503494,10324125,/assets/Eggs-image-placeholder.jpg
beverage,Tropicana Pure Premium Orange Juice,048500202746,533646542,/assets/Tropicana-image-placeholder.jpg
bakery,Thomas' Regular English Muffins,048121102081,10448006,/assets/Thomas-image-placeholder.jpg
pantry,Smucker's Natural Strawberry Preserves,051500141304,28403811,/assets/Jam-image-placeholder.jpg
pantry,Nutella Chocolate Hazelnut Spread,009800895007,10451273,/assets/Nutella-image-placeholder.jpg
pantry,Bertolli Extra Virgin Olive Oil,041790214260,10292275,/assets/OliveOil-image-placeholder.jpg
snacks,Oreo Chocolate Sandwich Cookies,044000060237,1830120353,/assets/OREO-image-placeholder.jpg
snacks,Chips Ahoy! Original Chocolate Chip,044000032197,17176252,/assets/ChipsAhoy-image-placeholder.jpg
snacks,Cheez-It Baked Snack Crackers,024100535231,377547271,/assets/CheezIt-image-placeholder.jpg
snacks,Wheat Thins Original Crackers,044000069216,810836571,/assets/WheatThins-image-placeholder.jpg
snacks,Pepperidge Goldfish Cheddar Crackers,014100085478,10294707,/assets/Goldfish-image-placeholder.jpg
snacks,Hostess Chocolate Cup Cakes,888109110017,27047495,/assets/HostessCake-image-placeholder.jpg
snacks,Little Bites Chocolate Chip Muffins,072030013534,10448216,/assets/LittleBites-image-placeholder.jpg
snacks,Jell-O Strawberry Sugar Free - 12.5oz/4ct,043000045688,21905171,/assets/Jello-image-placeholder.jpg
candies,M&M's Milk Chocolate Candies,040000512943,104122189,/assets/M&Ms-image-placeholder.jpg
pets,Blue Buffalo Adult Dry Dog Food,859610000098,1720374058,/assets/DogDry-image-placeholder.jpg
pets,Milk-Bone Beef Dog Treats - 25oz,079100509607,44374610,/assets/Milkbone-image-placeholder.jpg
pets,Blue Buffalo Dry Cat Food,840243130573,377358257,/assets/CatDry-image-placeholder.jpg
pets,Blue Buffalo Tastefuls Flaked - 12ct,840243140756,504594124,/assets/Tastefuls-image-placeholder.jpg
pets,NERF Classic Squeak Ball Dog Toy,846998069991,618529410,/assets/DogToy-image-placeholder.jpg
pets,SmartyKat Skitter Critters Cat Toys,829576634491,137048373,/assets/SmartyKat-image-placeholder.jpg
pets,Greenies SmartBites Indoor Cat Treats,642863101403,27733426,/assets/CatTreat-image-placeholder.jpg
pets,SmartyKat Super Scratcher and Bed,786306092481,928086213,/assets/Scratcher-image-placeholder.jpg
pets,Petmaker Cozy Cottage Dog Bed,191344325659,547375272,/assets/DogHouse-image-placeholder.jpg
pets,Cat House Indoor Bed,191344543824,282094955,/assets/CatHouse-image-placeholder.jpg
baby,Nuby Silicone Teether,039175809217,940847501,/assets/Nuby-image-placeholder.jpg
baby,Fisher-Price Play Piano Gym,887961670066,343646364,/assets/Gym-image-placeholder.jpg
baby,Ingenuity Premium Soft Plush Teddy Bear,074451123793,163921990,/assets/BabyToy-image-placeholder.jpg
baby,Huggies Unscented Baby Wipes,036000318906,38236207,/assets/Huggies-image-placeholder.jpg
baby,Fisher-Price Diaper Backpack,886252222656,936840818,/assets/Bag-image-placeholder.jpg
